{
    "metadata": {
        "build_time": "2020 Feb 07 23:30",
        "commit": "98456",
        "version": "R5/RC11"
    },
    "motor": [
        {
            "desc": "motor ID",
            "key": "id",
            "value": "Teknic"
        },
        {
            "desc": "number of poles",
            "key": "poleCount",
            "value": 8
        },
        {
            "desc": "number of pole pairs",
            "key": "polePairs",
            "value": 4.0
        },
        {
            "desc": "stator resistance",
            "key": "R",
            "units": "ohms line-neutral",
            "value": 0.4
        },
        {
            "desc": "stator resistance",
            "key": "Rll",
            "units": "ohms line-line",
            "value": 0.8
        },
        {
            "desc": "stator inductance",
            "key": "L",
            "units": "H line-neutral",
            "value": 0.0005
        },
        {
            "desc": "stator inductance",
            "key": "Lll",
            "units": "H line-line",
            "value": 0.001
        },
        {
            "desc": "d-axis stator inductance",
            "key": "Ld",
            "units": "H line-neutral",
            "value": 0.0005
        },
        {
            "desc": "d-axis stator inductance",
            "key": "Ldll",
            "units": "H line-line",
            "value": 0.001
        },
        {
            "desc": "q-axis stator inductance",
            "key": "Lq",
            "units": "H line-neutral",
            "value": 0.0005
        },
        {
            "desc": "q-axis stator inductance",
            "key": "Lqll",
            "units": "H line-line",
            "value": 0.001
        },
        {
            "desc": "back-EMF constant",
            "key": "Ke",
            "units": "V/(rad/s) line-neutral 0-pk",
            "value": 0.0795290737258
        },
        {
            "desc": "back-EMF constant",
            "key": "Kell",
            "units": "V/(rad/s) line-line 0-pk",
            "value": 0.137748396372
        },
        {
            "desc": "back-EMF constant",
            "key": "Ke_datasheet",
            "units": "Vrms/KRPM line-line",
            "value": 10.2
        },
        {
            "desc": "viscous damping",
            "key": "B",
            "units": "Nm/(rad/s)",
            "value": 0.000301256458432
        },
        {
            "desc": "Coulomb friction",
            "key": "Tf",
            "units": "Nm",
            "value": 0.0746413812495
        },
        {
            "desc": "inertia",
            "key": "J",
            "units": "Nm/(rad/s^2)",
            "value": 0.000867482956412
        },
        {
            "desc": "maximum velocity",
            "key": "omega_m_max",
            "units": "rad/s",
            "value": 136.135681656
        },
        {
            "desc": "nominal (base) velocity",
            "key": "omega_m1",
            "units": "rad/s",
            "value": 136.135681656
        },
        {
            "desc": "nominal electrical frequency",
            "key": "omega_e1",
            "units": "rad/s",
            "value": 544.542726622
        },
        {
            "desc": "rated current",
            "key": "I1",
            "units": "A",
            "value": 14.0
        },
        {
            "desc": "nominal voltage",
            "key": "V1",
            "units": "V line-neutral",
            "value": 10.8267446631
        },
        {
            "desc": "nominal voltage",
            "key": "V1ll",
            "units": "V line-line",
            "value": 18.7524718371
        },
        {
            "desc": "rated torque",
            "key": "T1",
            "units": "Nm",
            "value": 1.67011054824
        },
        {
            "desc": "rated power",
            "key": "P1",
            "units": "W",
            "value": 227.361637925
        }
    ]
}
