<?xml version="1.0" encoding="UTF-8"?>
<configurationDescriptor version="65">
  <logicalFolder name="root" displayName="root" projectFiles="true">
    <logicalFolder name="HeaderFiles"
                   displayName="Header Files"
                   projectFiles="true">
      <logicalFolder name="MCC Generated Files"
                     displayName="MCC Generated Files"
                     projectFiles="true">
        <logicalFolder name="motorBench" displayName="motorBench" projectFiles="true">
          <logicalFolder name="commutation" displayName="commutation" projectFiles="true">
            <itemPath>mcc_generated_files/motorBench/commutation/pll.h</itemPath>
            <itemPath>mcc_generated_files/motorBench/commutation/common.h</itemPath>
          </logicalFolder>
          <logicalFolder name="hal" displayName="hal" projectFiles="true">
            <itemPath>mcc_generated_files/motorBench/hal/hardware_access_functions_params.h</itemPath>
            <itemPath>mcc_generated_files/motorBench/hal/mcaf_pin_manager.h</itemPath>
            <itemPath>mcc_generated_files/motorBench/hal/hardware_access_functions_types.h</itemPath>
            <itemPath>mcc_generated_files/motorBench/hal/hardware_access_functions.h</itemPath>
            <itemPath>mcc_generated_files/motorBench/hal/qei1.h</itemPath>
          </logicalFolder>
          <logicalFolder name="library" displayName="library" projectFiles="true">
            <logicalFolder name="mc-library" displayName="mc-library" projectFiles="true">
              <itemPath>mcc_generated_files/motorBench/library/mc-library/motor_control_util.h</itemPath>
              <itemPath>mcc_generated_files/motorBench/library/mc-library/motor_control.h</itemPath>
              <itemPath>mcc_generated_files/motorBench/library/mc-library/motor_control_inline_dspic.h</itemPath>
              <itemPath>mcc_generated_files/motorBench/library/mc-library/motor_control_declarations.h</itemPath>
              <itemPath>mcc_generated_files/motorBench/library/mc-library/motor_control_types.h</itemPath>
              <itemPath>mcc_generated_files/motorBench/library/mc-library/motor_control_dsp.h</itemPath>
              <itemPath>mcc_generated_files/motorBench/library/mc-library/motor_control_inline_internal.h</itemPath>
              <itemPath>mcc_generated_files/motorBench/library/mc-library/motor_control_inline_declarations.h</itemPath>
            </logicalFolder>
            <logicalFolder name="x2cscope" displayName="x2cscope" projectFiles="true">
              <itemPath>mcc_generated_files/motorBench/library/x2cscope/X2CScope.h</itemPath>
            </logicalFolder>
          </logicalFolder>
          <logicalFolder name="parameters" displayName="parameters" projectFiles="true">
            <itemPath>mcc_generated_files/motorBench/parameters/operating_params.h</itemPath>
            <itemPath>mcc_generated_files/motorBench/parameters/commutation_params.h</itemPath>
            <itemPath>mcc_generated_files/motorBench/parameters/mcapi_params.h</itemPath>
            <itemPath>mcc_generated_files/motorBench/parameters/timing_params.h</itemPath>
            <itemPath>mcc_generated_files/motorBench/parameters/adc_params.h</itemPath>
            <itemPath>mcc_generated_files/motorBench/parameters/foc_params.h</itemPath>
            <itemPath>mcc_generated_files/motorBench/parameters/fault_detect_params.h</itemPath>
            <itemPath>mcc_generated_files/motorBench/parameters/options.h</itemPath>
            <itemPath>mcc_generated_files/motorBench/parameters/pll_params.h</itemPath>
            <itemPath>mcc_generated_files/motorBench/parameters/init_params.h</itemPath>
            <itemPath>mcc_generated_files/motorBench/parameters/recover_params.h</itemPath>
            <itemPath>mcc_generated_files/motorBench/parameters/motor_params.h</itemPath>
            <itemPath>mcc_generated_files/motorBench/parameters/sat_PI_params.h</itemPath>
            <itemPath>mcc_generated_files/motorBench/parameters/startup_params.h</itemPath>
            <itemPath>mcc_generated_files/motorBench/parameters/hal_params.h</itemPath>
          </logicalFolder>
          <itemPath>mcc_generated_files/motorBench/board_service.h</itemPath>
          <itemPath>mcc_generated_files/motorBench/foc.h</itemPath>
          <itemPath>mcc_generated_files/motorBench/filter_types.h</itemPath>
          <itemPath>mcc_generated_files/motorBench/flux_control_types.h</itemPath>
          <itemPath>mcc_generated_files/motorBench/sat_PI.h</itemPath>
          <itemPath>mcc_generated_files/motorBench/test_harness_timestamps.h</itemPath>
          <itemPath>mcc_generated_files/motorBench/mcaf_watchdog.h</itemPath>
          <itemPath>mcc_generated_files/motorBench/fault_detect.h</itemPath>
          <itemPath>mcc_generated_files/motorBench/motor_control_noinline.h</itemPath>
          <itemPath>mcc_generated_files/motorBench/monitor.h</itemPath>
          <itemPath>mcc_generated_files/motorBench/units.h</itemPath>
          <itemPath>mcc_generated_files/motorBench/system_state.h</itemPath>
          <itemPath>mcc_generated_files/motorBench/state_machine_types.h</itemPath>
          <itemPath>mcc_generated_files/motorBench/mcaf_main.h</itemPath>
          <itemPath>mcc_generated_files/motorBench/ui.h</itemPath>
          <itemPath>mcc_generated_files/motorBench/adc_compensation.h</itemPath>
          <itemPath>mcc_generated_files/motorBench/mcaf_traps.h</itemPath>
          <itemPath>mcc_generated_files/motorBench/deadtimecomp.h</itemPath>
          <itemPath>mcc_generated_files/motorBench/flux_control.h</itemPath>
          <itemPath>mcc_generated_files/motorBench/test_harness.h</itemPath>
          <itemPath>mcc_generated_files/motorBench/diagnostics.h</itemPath>
          <itemPath>mcc_generated_files/motorBench/mcapi.h</itemPath>
          <itemPath>mcc_generated_files/motorBench/filter.h</itemPath>
          <itemPath>mcc_generated_files/motorBench/stall_detect_types.h</itemPath>
          <itemPath>mcc_generated_files/motorBench/motor_control_function_mapping.h</itemPath>
          <itemPath>mcc_generated_files/motorBench/adc_compensation_types.h</itemPath>
          <itemPath>mcc_generated_files/motorBench/sat_PI_types.h</itemPath>
          <itemPath>mcc_generated_files/motorBench/monitor_types.h</itemPath>
          <itemPath>mcc_generated_files/motorBench/qei_temp_hal.h</itemPath>
          <itemPath>mcc_generated_files/motorBench/ui_types.h</itemPath>
          <itemPath>mcc_generated_files/motorBench/commutation.h</itemPath>
          <itemPath>mcc_generated_files/motorBench/timing.h</itemPath>
          <itemPath>mcc_generated_files/motorBench/util.h</itemPath>
          <itemPath>mcc_generated_files/motorBench/stall_detect.h</itemPath>
          <itemPath>mcc_generated_files/motorBench/error_codes.h</itemPath>
          <itemPath>mcc_generated_files/motorBench/math_asm.h</itemPath>
          <itemPath>mcc_generated_files/motorBench/startup.h</itemPath>
          <itemPath>mcc_generated_files/motorBench/recover.h</itemPath>
          <itemPath>mcc_generated_files/motorBench/deadtimecomp_types.h</itemPath>
          <itemPath>mcc_generated_files/motorBench/state_machine.h</itemPath>
          <itemPath>mcc_generated_files/motorBench/board_service_types.h</itemPath>
          <itemPath>mcc_generated_files/motorBench/system_init.h</itemPath>
          <itemPath>mcc_generated_files/motorBench/foc_types.h</itemPath>
          <itemPath>mcc_generated_files/motorBench/fault_detect_types.h</itemPath>
          <itemPath>mcc_generated_files/motorBench/commutation_types.h</itemPath>
          <itemPath>mcc_generated_files/motorBench/startup_types.h</itemPath>
          <itemPath>mcc_generated_files/motorBench/mcapi_types.h</itemPath>
          <itemPath>mcc_generated_files/motorBench/hal.h</itemPath>
          <itemPath>mcc_generated_files/motorBench/mcapi_internal.h</itemPath>
        </logicalFolder>
        <itemPath>mcc_generated_files/mcaf_led1.h</itemPath>
        <itemPath>mcc_generated_files/interrupt_manager.h</itemPath>
        <itemPath>mcc_generated_files/pwm.h</itemPath>
        <itemPath>mcc_generated_files/adc_module_features.h</itemPath>
        <itemPath>mcc_generated_files/mcaf_button2.h</itemPath>
        <itemPath>mcc_generated_files/adc1.h</itemPath>
        <itemPath>mcc_generated_files/system.h</itemPath>
        <itemPath>mcc_generated_files/clock.h</itemPath>
        <itemPath>mcc_generated_files/mcaf_led2.h</itemPath>
        <itemPath>mcc_generated_files/tmr1.h</itemPath>
        <itemPath>mcc_generated_files/system_types.h</itemPath>
        <itemPath>mcc_generated_files/mcaf_button1.h</itemPath>
        <itemPath>mcc_generated_files/watchdog.h</itemPath>
        <itemPath>mcc_generated_files/reset.h</itemPath>
        <itemPath>mcc_generated_files/uart1.h</itemPath>
        <itemPath>mcc_generated_files/tmr2.h</itemPath>
        <itemPath>mcc_generated_files/pwm_module_features.h</itemPath>
        <itemPath>mcc_generated_files/reset_types.h</itemPath>
        <itemPath>mcc_generated_files/pin_manager.h</itemPath>
        <itemPath>mcc_generated_files/traps.h</itemPath>
        <itemPath>mcc_generated_files/mcc.h</itemPath>
      </logicalFolder>
    </logicalFolder>
    <logicalFolder name="LinkerScript"
                   displayName="Linker Files"
                   projectFiles="true">
    </logicalFolder>
    <logicalFolder name="Resource Files"
                   displayName="Resource Files"
                   projectFiles="true">
    </logicalFolder>
    <logicalFolder name="SourceFiles"
                   displayName="Source Files"
                   projectFiles="true">
      <logicalFolder name="MCC Generated Files"
                     displayName="MCC Generated Files"
                     projectFiles="true">
        <logicalFolder name="motorBench" displayName="motorBench" projectFiles="true">
          <logicalFolder name="aux-files" displayName="aux-files" projectFiles="true">
            <itemPath>mcc_generated_files/motorBench/aux-files/parameters.html</itemPath>
            <itemPath>mcc_generated_files/motorBench/aux-files/report.html</itemPath>
            <itemPath>mcc_generated_files/motorBench/aux-files/report.json</itemPath>
          </logicalFolder>
          <logicalFolder name="commutation" displayName="commutation" projectFiles="true">
            <itemPath>mcc_generated_files/motorBench/commutation/pll.c</itemPath>
          </logicalFolder>
          <logicalFolder name="hal" displayName="hal" projectFiles="true">
            <itemPath>mcc_generated_files/motorBench/hal/mcaf_pin_manager.c</itemPath>
            <itemPath>mcc_generated_files/motorBench/hal/hardware_access_functions.c</itemPath>
            <itemPath>mcc_generated_files/motorBench/hal/qei1.c</itemPath>
          </logicalFolder>
          <logicalFolder name="metadata" displayName="metadata" projectFiles="true">
            <itemPath>mcc_generated_files/motorBench/metadata/data_model_snapshot.c</itemPath>
          </logicalFolder>
          <logicalFolder name="parameters" displayName="parameters" projectFiles="true">
            <itemPath>mcc_generated_files/motorBench/parameters/init_params.c</itemPath>
          </logicalFolder>
          <itemPath>mcc_generated_files/motorBench/sat_PI.c</itemPath>
          <itemPath>mcc_generated_files/motorBench/foc.c</itemPath>
          <itemPath>mcc_generated_files/motorBench/board_service.c</itemPath>
          <itemPath>mcc_generated_files/motorBench/test_harness_timestamps.c</itemPath>
          <itemPath>mcc_generated_files/motorBench/adc_compensation.c</itemPath>
          <itemPath>mcc_generated_files/motorBench/fault_detect.c</itemPath>
          <itemPath>mcc_generated_files/motorBench/isr.c</itemPath>
          <itemPath>mcc_generated_files/motorBench/monitor.c</itemPath>
          <itemPath>mcc_generated_files/motorBench/test_harness.c</itemPath>
          <itemPath>mcc_generated_files/motorBench/mcapi.c</itemPath>
          <itemPath>mcc_generated_files/motorBench/mcaf_traps.c</itemPath>
          <itemPath>mcc_generated_files/motorBench/ui.c</itemPath>
          <itemPath>mcc_generated_files/motorBench/diagnostics.c</itemPath>
          <itemPath>mcc_generated_files/motorBench/commutation.c</itemPath>
          <itemPath>mcc_generated_files/motorBench/stall_detect.c</itemPath>
          <itemPath>mcc_generated_files/motorBench/recover.c</itemPath>
          <itemPath>mcc_generated_files/motorBench/math_asm.s</itemPath>
          <itemPath>mcc_generated_files/motorBench/startup.c</itemPath>
          <itemPath>mcc_generated_files/motorBench/state_machine.c</itemPath>
          <itemPath>mcc_generated_files/motorBench/system_init.c</itemPath>
          <itemPath>mcc_generated_files/motorBench/mcaf_sample_application.c</itemPath>
        </logicalFolder>
        <itemPath>mcc_generated_files/pwm.c</itemPath>
        <itemPath>mcc_generated_files/system.c</itemPath>
        <itemPath>mcc_generated_files/adc1.c</itemPath>
        <itemPath>mcc_generated_files/interrupt_manager.c</itemPath>
        <itemPath>mcc_generated_files/tmr1.c</itemPath>
        <itemPath>mcc_generated_files/clock.c</itemPath>
        <itemPath>mcc_generated_files/uart1.c</itemPath>
        <itemPath>mcc_generated_files/tmr2.c</itemPath>
        <itemPath>mcc_generated_files/reset.c</itemPath>
        <itemPath>mcc_generated_files/mcc.c</itemPath>
        <itemPath>mcc_generated_files/pin_manager.c</itemPath>
        <itemPath>mcc_generated_files/traps.c</itemPath>
      </logicalFolder>
      <itemPath>main.c</itemPath>
    </logicalFolder>
    <logicalFolder name="ExternalFiles"
                   displayName="Important Files"
                   projectFiles="false">
      <itemPath>Makefile</itemPath>
      <itemPath>MyConfig.mc3</itemPath>
    </logicalFolder>
  </logicalFolder>
  <projectmakefile>Makefile</projectmakefile>
  <confs>
    <conf name="default" type="2">
      <toolsSet>
        <developmentServer>localhost</developmentServer>
        <targetDevice>dsPIC33EP256MC506</targetDevice>
        <targetHeader></targetHeader>
        <targetPluginBoard></targetPluginBoard>
        <platformTool>pk4hybrid</platformTool>
        <languageToolchain>XC16</languageToolchain>
        <languageToolchainVersion>1.60</languageToolchainVersion>
        <platform>3</platform>
      </toolsSet>
      <packs>
        <pack name="dsPIC33E-GM-GP-MC-GU-MU_DFP" vendor="Microchip" version="1.2.58"/>
      </packs>
      <ScriptingSettings>
      </ScriptingSettings>
      <compileType>
        <linkerTool>
          <linkerLibItems>
            <linkerLibFileItem>mcc_generated_files/motorBench/library/mc-library/libmotor_control_dspic-elf.a</linkerLibFileItem>
            <linkerLibFileItem>mcc_generated_files/motorBench/library/x2cscope/libx2cscope-dspic-elf.a</linkerLibFileItem>
          </linkerLibItems>
        </linkerTool>
        <archiverTool>
        </archiverTool>
        <loading>
          <useAlternateLoadableFile>false</useAlternateLoadableFile>
          <parseOnProdLoad>true</parseOnProdLoad>
          <alternateLoadableFile></alternateLoadableFile>
        </loading>
        <subordinates>
        </subordinates>
      </compileType>
      <makeCustomizationType>
        <makeCustomizationPreStepEnabled>false</makeCustomizationPreStepEnabled>
        <makeUseCleanTarget>false</makeUseCleanTarget>
        <makeCustomizationPreStep></makeCustomizationPreStep>
        <makeCustomizationPostStepEnabled>false</makeCustomizationPostStepEnabled>
        <makeCustomizationPostStep></makeCustomizationPostStep>
        <makeCustomizationPutChecksumInUserID>false</makeCustomizationPutChecksumInUserID>
        <makeCustomizationEnableLongLines>false</makeCustomizationEnableLongLines>
        <makeCustomizationNormalizeHexFile>false</makeCustomizationNormalizeHexFile>
      </makeCustomizationType>
      <C30>
        <property key="code-model" value="default"/>
        <property key="const-model" value="default"/>
        <property key="data-model" value="large-data"/>
        <property key="disable-instruction-scheduling" value="false"/>
        <property key="enable-all-warnings" value="true"/>
        <property key="enable-ansi-std" value="false"/>
        <property key="enable-ansi-warnings" value="false"/>
        <property key="enable-fatal-warnings" value="false"/>
        <property key="enable-large-arrays" value="false"/>
        <property key="enable-omit-frame-pointer" value="true"/>
        <property key="enable-procedural-abstraction" value="false"/>
        <property key="enable-short-double" value="false"/>
        <property key="enable-symbols" value="true"/>
        <property key="enable-unroll-loops" value="true"/>
        <property key="extra-include-directories" value=""/>
        <property key="isolate-each-function" value="true"/>
        <property key="keep-inline" value="true"/>
        <property key="oXC16gcc-align-arr" value="false"/>
        <property key="oXC16gcc-cnsts-mauxflash" value="false"/>
        <property key="oXC16gcc-data-sects" value="false"/>
        <property key="oXC16gcc-errata" value=""/>
        <property key="oXC16gcc-fillupper" value=""/>
        <property key="oXC16gcc-large-aggregate" value="false"/>
        <property key="oXC16gcc-mauxflash" value="false"/>
        <property key="oXC16gcc-mpa-lvl" value=""/>
        <property key="oXC16gcc-name-text-sec" value=""/>
        <property key="oXC16gcc-near-chars" value="false"/>
        <property key="oXC16gcc-no-isr-warn" value="false"/>
        <property key="oXC16gcc-sfr-warn" value="false"/>
        <property key="oXC16gcc-smar-io-lvl" value="1"/>
        <property key="oXC16gcc-smart-io-fmt" value=""/>
        <property key="optimization-level" value="1"/>
        <property key="post-instruction-scheduling" value="default"/>
        <property key="pre-instruction-scheduling" value="default"/>
        <property key="preprocessor-macros"
                  value="MCAF_TEST_PROFILING;MCAF_TEST_HARNESS"/>
        <property key="scalar-model" value="small-scalar"/>
        <property key="use-cci" value="false"/>
        <property key="use-iar" value="false"/>
        <appendMe value="-Wno-volatile-register-var -finline "/>
      </C30>
      <C30-AR>
        <property key="additional-options-chop-files" value="false"/>
      </C30-AR>
      <C30-AS>
        <property key="assembler-symbols" value=""/>
        <property key="expand-macros" value="false"/>
        <property key="extra-include-directories-for-assembler" value=""/>
        <property key="extra-include-directories-for-preprocessor" value=""/>
        <property key="false-conditionals" value="false"/>
        <property key="keep-locals" value="false"/>
        <property key="list-assembly" value="false"/>
        <property key="list-section-info" value="false"/>
        <property key="list-source" value="false"/>
        <property key="list-symbols" value="false"/>
        <property key="oXC16asm-extra-opts" value=""/>
        <property key="oXC16asm-list-to-file" value="false"/>
        <property key="omit-debug-dirs" value="false"/>
        <property key="omit-forms" value="false"/>
        <property key="preprocessor-macros" value=""/>
        <property key="relax" value="false"/>
        <property key="warning-level" value="emit-warnings"/>
      </C30-AS>
      <C30-CO>
        <property key="coverage-enable" value=""/>
      </C30-CO>
      <C30-LD>
        <property key="additional-options-use-response-files" value="false"/>
        <property key="boot-eeprom" value="no_eeprom"/>
        <property key="boot-flash" value="no_flash"/>
        <property key="boot-ram" value="no_ram"/>
        <property key="boot-write-protect" value="no_write_protect"/>
        <property key="enable-check-sections" value="false"/>
        <property key="enable-data-init" value="true"/>
        <property key="enable-default-isr" value="true"/>
        <property key="enable-handles" value="true"/>
        <property key="enable-pack-data" value="true"/>
        <property key="extra-lib-directories" value=""/>
        <property key="fill-flash-options-addr" value=""/>
        <property key="fill-flash-options-const" value=""/>
        <property key="fill-flash-options-how" value="0"/>
        <property key="fill-flash-options-inc-const" value="1"/>
        <property key="fill-flash-options-increment" value=""/>
        <property key="fill-flash-options-seq" value=""/>
        <property key="fill-flash-options-what" value="0"/>
        <property key="general-code-protect" value="no_code_protect"/>
        <property key="general-write-protect" value="no_write_protect"/>
        <property key="generate-cross-reference-file" value="false"/>
        <property key="heap-size" value=""/>
        <property key="input-libraries" value=""/>
        <property key="linker-stack" value="true"/>
        <property key="linker-symbols" value=""/>
        <property key="map-file" value="${DISTDIR}/${PROJECTNAME}.${IMAGE_TYPE}.map"/>
        <property key="no-ivt" value="false"/>
        <property key="oXC16ld-extra-opts" value=""/>
        <property key="oXC16ld-fill-upper" value="0"/>
        <property key="oXC16ld-force-link" value="false"/>
        <property key="oXC16ld-no-smart-io" value="false"/>
        <property key="oXC16ld-nostdlib" value="false"/>
        <property key="oXC16ld-stackguard" value="16"/>
        <property key="preprocessor-macros" value=""/>
        <property key="remove-unused-sections" value="true"/>
        <property key="report-memory-usage" value="true"/>
        <property key="secure-eeprom" value="no_eeprom"/>
        <property key="secure-flash" value="no_flash"/>
        <property key="secure-ram" value="no_ram"/>
        <property key="secure-write-protect" value="no_write_protect"/>
        <property key="stack-size" value="16"/>
        <property key="symbol-stripping" value=""/>
        <property key="trace-symbols" value=""/>
        <property key="warn-section-align" value="false"/>
      </C30-LD>
      <C30Global>
        <property key="common-include-directories"
                  value="mcc_generated_files;mcc_generated_files/motorBench;mcc_generated_files/motorBench/library/mc-library;mcc_generated_files/motorBench/library/x2cscope;mcc_generated_files/motorBench/hal"/>
        <property key="dual-boot-partition" value="0"/>
        <property key="fast-math" value="false"/>
        <property key="generic-16-bit" value="false"/>
        <property key="legacy-libc" value="true"/>
        <property key="mpreserve-all" value="false"/>
        <property key="oXC16glb-macros" value=""/>
        <property key="omit-pack-options" value="1"/>
        <property key="output-file-format" value="elf"/>
        <property key="preserve-all" value="false"/>
        <property key="preserve-file" value=""/>
        <property key="relaxed-math" value="false"/>
        <property key="save-temps" value="false"/>
      </C30Global>
      <ICD3PlatformTool>
        <property key="ADC 1" value="true"/>
        <property key="AutoSelectMemRanges" value="auto"/>
        <property key="COMPARATOR" value="true"/>
        <property key="CRC" value="true"/>
        <property key="CTMU" value="true"/>
        <property key="Freeze All Other Peripherals" value="true"/>
        <property key="I2C1" value="true"/>
        <property key="I2C2" value="true"/>
        <property key="INPUT CAPTURE 1" value="true"/>
        <property key="INPUT CAPTURE 2" value="true"/>
        <property key="INPUT CAPTURE 3" value="true"/>
        <property key="INPUT CAPTURE 4" value="true"/>
        <property key="OUTPUT COMPARE 1" value="true"/>
        <property key="OUTPUT COMPARE 2" value="true"/>
        <property key="OUTPUT COMPARE 3" value="true"/>
        <property key="OUTPUT COMPARE 4" value="true"/>
        <property key="PTG" value="true"/>
        <property key="PWM" value="true"/>
        <property key="SPI 1" value="true"/>
        <property key="SPI 2" value="true"/>
        <property key="SecureSegment.SegmentProgramming" value="FullChipProgramming"/>
        <property key="TIMER1" value="true"/>
        <property key="TIMER2" value="true"/>
        <property key="TIMER3" value="true"/>
        <property key="TIMER4" value="true"/>
        <property key="TIMER5" value="true"/>
        <property key="ToolFirmwareFilePath"
                  value="Press to browse for a specific firmware version"/>
        <property key="ToolFirmwareOption.UseLatestFirmware" value="true"/>
        <property key="UART 1" value="true"/>
        <property key="UART 2" value="true"/>
        <property key="debugoptions.useswbreakpoints" value="false"/>
        <property key="hwtoolclock.frcindebug" value="false"/>
        <property key="memories.aux" value="false"/>
        <property key="memories.bootflash" value="false"/>
        <property key="memories.configurationmemory" value="true"/>
        <property key="memories.configurationmemory2" value="true"/>
        <property key="memories.dataflash" value="true"/>
        <property key="memories.eeprom" value="true"/>
        <property key="memories.flashdata" value="true"/>
        <property key="memories.id" value="true"/>
        <property key="memories.instruction.ram" value="true"/>
        <property key="memories.instruction.ram.ranges"
                  value="${memories.instruction.ram.ranges}"/>
        <property key="memories.programmemory" value="true"/>
        <property key="memories.programmemory.ranges" value="0-2afeb"/>
        <property key="poweroptions.powerenable" value="true"/>
        <property key="programoptions.donoteraseauxmem" value="false"/>
        <property key="programoptions.eraseb4program" value="true"/>
        <property key="programoptions.preservedataflash" value="false"/>
        <property key="programoptions.preservedataflash.ranges" value=""/>
        <property key="programoptions.preserveeeprom" value="false"/>
        <property key="programoptions.preserveeeprom.ranges" value=""/>
        <property key="programoptions.preserveprogram.ranges" value=""/>
        <property key="programoptions.preserveprogramrange" value="false"/>
        <property key="programoptions.preserveuserid" value="false"/>
        <property key="programoptions.programcalmem" value="false"/>
        <property key="programoptions.programuserotp" value="false"/>
        <property key="programoptions.testmodeentrymethod" value="VDDFirst"/>
        <property key="programoptions.usehighvoltageonmclr" value="false"/>
        <property key="programoptions.uselvpprogramming" value="false"/>
        <property key="voltagevalue" value="3.25"/>
      </ICD3PlatformTool>
      <pk4hybrid>
        <property key="ADC 1" value="true"/>
        <property key="AutoSelectMemRanges" value="auto"/>
        <property key="COMPARATOR" value="true"/>
        <property key="CRC" value="true"/>
        <property key="CTMU" value="true"/>
        <property key="Freeze All Other Peripherals" value="true"/>
        <property key="I2C1" value="true"/>
        <property key="I2C2" value="true"/>
        <property key="INPUT CAPTURE 1" value="true"/>
        <property key="INPUT CAPTURE 2" value="true"/>
        <property key="INPUT CAPTURE 3" value="true"/>
        <property key="INPUT CAPTURE 4" value="true"/>
        <property key="OUTPUT COMPARE 1" value="true"/>
        <property key="OUTPUT COMPARE 2" value="true"/>
        <property key="OUTPUT COMPARE 3" value="true"/>
        <property key="OUTPUT COMPARE 4" value="true"/>
        <property key="PTG" value="true"/>
        <property key="PWM" value="true"/>
        <property key="SPI 1" value="true"/>
        <property key="SPI 2" value="true"/>
        <property key="SecureSegment.SegmentProgramming" value="FullChipProgramming"/>
        <property key="TIMER1" value="true"/>
        <property key="TIMER2" value="true"/>
        <property key="TIMER3" value="true"/>
        <property key="TIMER4" value="true"/>
        <property key="TIMER5" value="true"/>
        <property key="ToolFirmwareFilePath"
                  value="Press to browse for a specific firmware version"/>
        <property key="ToolFirmwareOption.UpdateOptions"
                  value="ToolFirmwareOption.UseLatest"/>
        <property key="ToolFirmwareToolPack"
                  value="Press to select which tool pack to use"/>
        <property key="UART 1" value="true"/>
        <property key="UART 2" value="true"/>
        <property key="communication.activationmode" value="nohv"/>
        <property key="communication.interface" value=""/>
        <property key="communication.interface.jtag" value="2wire"/>
        <property key="communication.speed" value="${communication.speed.default}"/>
        <property key="debugoptions.useswbreakpoints" value="false"/>
        <property key="freeze.timers" value="false"/>
        <property key="memories.aux" value="false"/>
        <property key="memories.bootflash" value="true"/>
        <property key="memories.configurationmemory" value="true"/>
        <property key="memories.configurationmemory2" value="true"/>
        <property key="memories.dataflash" value="true"/>
        <property key="memories.eeprom" value="true"/>
        <property key="memories.exclude.configurationmemory" value="true"/>
        <property key="memories.flashdata" value="true"/>
        <property key="memories.id" value="true"/>
        <property key="memories.instruction.ram.ranges"
                  value="${memories.instruction.ram.ranges}"/>
        <property key="memories.programmemory" value="true"/>
        <property key="memories.programmemory.ranges" value="0-2afeb"/>
        <property key="memories.rww" value="true"/>
        <property key="poweroptions.powerenable" value="true"/>
        <property key="programmerToGoImageName"
                  value="sample-mb-33ep256mc506-mclv2_ptg"/>
        <property key="programoptions.donoteraseauxmem" value="false"/>
        <property key="programoptions.eraseb4program" value="true"/>
        <property key="programoptions.ledbrightness" value="5"/>
        <property key="programoptions.pgcconfig" value="pull down"/>
        <property key="programoptions.pgcresistor.value" value="4.7"/>
        <property key="programoptions.pgdconfig" value="pull down"/>
        <property key="programoptions.pgdresistor.value" value="4.7"/>
        <property key="programoptions.pgmentry.voltage" value="low"/>
        <property key="programoptions.pgmspeed" value="Med"/>
        <property key="programoptions.preservedataflash" value="false"/>
        <property key="programoptions.preservedataflash.ranges"
                  value="${memories.dataflash.default}"/>
        <property key="programoptions.preserveeeprom" value="false"/>
        <property key="programoptions.preserveeeprom.ranges" value=""/>
        <property key="programoptions.preserveprogram.ranges" value=""/>
        <property key="programoptions.preserveprogramrange" value="false"/>
        <property key="programoptions.preserveuserid" value="false"/>
        <property key="programoptions.programcalmem" value="false"/>
        <property key="programoptions.programuserotp" value="false"/>
        <property key="programoptions.testmodeentrymethod" value="VDDFirst"/>
        <property key="ptgProgramImage" value="true"/>
        <property key="ptgSendImage" value="true"/>
        <property key="toolpack.updateoptions"
                  value="toolpack.updateoptions.uselatestoolpack"/>
        <property key="toolpack.updateoptions.packversion"
                  value="Press to select which tool pack to use"/>
        <property key="voltagevalue" value="3.25"/>
      </pk4hybrid>
    </conf>
  </confs>
</configurationDescriptor>
